permit,overall_status,review,reviewer,outcome,submitted,completed,due,has_notes,response_in_packet,captured_at
BL2024-1706,FINALED,BUILDING,ARDESHIR MAHTABFAR,DENIED,12/17/2024,1/8/2025,1/8/2025,yes,applicant_asserted,2026-09-29T06:24:33.282Z
BL2024-1706,FINALED,CODE COMPLIANCE,ESTHER CABRERA,APPROVED,12/17/2024,12/19/2024,1/8/2025,no,,2026-09-29T06:24:33.282Z
BL2024-1706,FINALED,ELECTRICAL,TOM FLINGOS,DENIED,12/17/2024,12/19/2024,12/24/2024,yes,no_response_in_packet,2026-09-29T06:24:33.282Z
BL2024-1706,FINALED,PERMIT CLERK,PERMIT CLERK,VERIFIED,12/17/2024,12/18/2024,12/24/2024,no,,2026-09-29T06:24:33.282Z
BL2024-1706,FINALED,PLANS PROCESSOR,FINAL PERMIT CLERK,INCOMPLETE,12/17/2024,1/8/2025,1/8/2025,no,,2026-09-29T06:24:33.282Z
BL2024-1706,FINALED,PLUMBING,KENNETH CHAMBERS,APPROVED,12/17/2024,12/27/2024,12/24/2024,no,,2026-09-29T06:24:33.282Z
BL2024-1706,FINALED,STORM DRAINAGE,REINALDO RIVERA,APPROVED W/COND,12/17/2024,12/18/2024,12/27/2024,yes,not_applicable,2026-09-29T06:24:33.282Z
BL2024-1706,FINALED,STRUCTURAL,LEO LLANOS,APPROVED,12/17/2024,1/2/2025,1/6/2025,no,,2026-09-29T06:24:33.282Z
BL2024-1706,FINALED,ZONING,SUBRATA BASU,DENIED,12/17/2024,12/27/2024,1/8/2025,yes,applicant_asserted,2026-09-29T06:24:33.282Z
BL2024-1706,FINALED,BUILDING EXPEDITE,ARDESHIR MAHTABFAR,INCOMPLETE,3/18/2025,3/25/2025,3/25/2025,yes,applicant_asserted,2026-09-29T06:24:33.282Z
BL2024-1706,FINALED,ELECTRICAL,TOM FLINGOS,APPROVED,3/18/2025,3/19/2025,3/25/2025,no,,2026-09-29T06:24:33.282Z
BL2024-1706,FINALED,PLANS PROCESSOR,FINAL PERMIT CLERK,INCOMPLETE,3/18/2025,3/26/2025,3/25/2025,no,,2026-09-29T06:24:33.282Z
BL2024-1706,FINALED,ZONING,PAT JANISSE,DENIED,3/18/2025,3/19/2025,3/25/2025,yes,applicant_asserted,2026-09-29T06:24:33.282Z
BL2024-1706,FINALED,BUILDING EXPEDITE,PAUL BUCKLER,APPROVED,4/28/2025,5/1/2025,5/5/2025,no,,2026-09-29T06:24:33.282Z
BL2024-1706,FINALED,PLANS PROCESSOR,FINAL PERMIT CLERK,VERIFIED,4/28/2025,5/2/2025,5/5/2025,no,,2026-09-29T06:24:33.282Z
BL2024-1706,FINALED,STRUCTURAL,LEO LLANOS,APPROVED,4/28/2025,5/1/2025,5/5/2025,no,,2026-09-29T06:24:33.282Z
BL2024-1706,FINALED,ZONING EXPEDITE,SUBRATA BASU,APPROVED W/COND,4/28/2025,5/2/2025,5/5/2025,no,,2026-09-29T06:24:33.282Z
